{"cameraMode":{"drawMode":0,"name":"Shaded","section":"Shading Mode"},"sceneLighting":true,"audioPlay":false,"sceneViewState":{"showFog":true,"showMaterialUpdate":false,"showSkybox":true,"showFlares":true,"showImageEffects":true,"showParticleSystems":true},"in2DMode":false,"pivot":{"x":16.448047637939454,"y":9.330738067626954,"z":-0.7557470798492432},"rotation":{"x":-0.21540997922420503,"y":0.7715966105461121,"z":-0.3351860046386719,"w":-0.4958753287792206},"size":170.66966247558595,"orthographic":false}