{"cameraMode":{"drawMode":0,"name":"Shaded","section":"Shading Mode"},"sceneLighting":true,"audioPlay":false,"sceneViewState":{"showFog":true,"showMaterialUpdate":false,"showSkybox":true,"showFlares":true,"showImageEffects":true,"showParticleSystems":true},"in2DMode":false,"pivot":{"x":50.17538833618164,"y":-65.39399719238281,"z":-3.1556479930877687},"rotation":{"x":0.21013692021369935,"y":0.7880640625953674,"z":-0.4380311965942383,"w":0.37805837392807009},"size":100.2811050415039,"orthographic":false}